Date,EUR,JPY,GBP,CNY,BTC
2015-12-25,0.911393,120.309801,0.672607,6.471147,0.0021929728
2015-12-26,0.911393,120.260601,0.672607,6.468487,0.0024032973
2015-12-27,0.911448,120.254599,0.669954,6.46809,0.0023586686
2015-12-28,0.911515,120.367601,0.67201,6.483531,0.0023757766
2015-12-29,0.915271,120.460701,0.674841,6.483879,0.0023288526
2015-12-30,0.915276,120.485899,0.675183,6.488565,0.0023415201
2015-12-31,0.920961,120.3742,0.678607,6.49376,0.0023245218
2016-01-01,0.920961,120.3742,0.678607,6.49376,0.0023245218
2016-01-02,0.920862,120.498299,0.677491,6.504246,0.00230479
2016-01-03,0.920289,120.2663,0.678475,6.502476,0.0023312414
2016-01-04,0.923285,119.515299,0.679566,6.532516,0.0022988242
2016-01-05,0.930028,119.1529,0.68132,6.522249,0.0023133529
2016-01-06,0.92771,118.6248,0.683499,6.541367,0.002318432
2016-01-07,0.915366,117.8455,0.683951,6.5716,0.0021923574
2016-01-08,0.915336,117.4376,0.688751,6.585147,0.0022004016
2016-01-09,0.915399,117.453,0.688751,6.586201,0.0022173146
2016-01-10,0.914814,116.876901,0.6889,6.58321,0.002236416
2016-01-11,0.920698,117.6596,0.687321,6.572276,0.0022300422
2016-01-12,0.921442,117.6426,0.692697,6.570078,0.0022423133
2016-01-13,0.919302,117.6693,0.69393,6.576244,0.0023116791
2016-01-14,0.920255,118.1295,0.693662,6.586902,0.0023247326
2016-01-15,0.916278,117.143001,0.701436,6.581306,0.0027332785
2016-01-16,0.916268,117.086201,0.701436,6.581094,0.0026153295
2016-01-17,0.916103,116.8787,0.701441,6.575486,0.002589318543
2016-01-18,0.918217,117.2976,0.701969,6.57013,0.002594141391
2016-01-19,0.916607,117.548999,0.706178,6.567754,0.002630637456
2016-01-20,0.918222,117.096101,0.704754,6.578702,0.002414176042
2016-01-21,0.920069,117.620499,0.703261,6.580105,0.002426477725
2016-01-22,0.926152,118.381875,0.700919,6.579358,0.002648739994
2016-01-23,0.926152,118.63325,0.700919,6.579465,0.002563372989
2016-01-24,0.926321,118.7572,0.700737,6.579818,0.002482381299
2016-01-25,0.921652,118.424001,0.701957,6.57083,0.002545390679
2016-01-26,0.920335,118.454875,0.696926,6.567951,0.002539082833
2016-01-27,0.917404,118.543999,0.702039,6.570292,0.002534590828
2016-01-28,0.914078,118.7306,0.696476,6.568419,0.00263786818
2016-01-29,0.923297,120.649401,0.701976,6.576172,0.002625981461
2016-01-30,0.923297,120.965101,0.702,6.575917,0.002652843583
2016-01-31,0.923322,121.2393,0.702206,6.576546,0.002670291142
2016-02-01,0.918241,121.0339,0.693213,6.57627,0.002697206234
2016-02-02,0.915409,120.0828,0.693864,6.580633,0.002678674271
2016-02-03,0.902082,118.5587,0.685419,6.577441,0.002720274204
2016-02-04,0.892679,117.3245,0.685892,6.568651,0.002572453143
2016-02-05,0.896115,116.9879,0.689551,6.574537,0.002591815048
2016-02-06,0.896115,116.8519,0.689551,6.574047,0.002666403582
2016-02-07,0.896687,116.9387,0.689762,6.576519,0.002663059109
2016-02-08,0.892962,115.8644,0.692938,6.573759,0.002693755068
2016-02-09,0.885833,115.4185,0.690966,6.556172,0.002674461831
2016-02-10,0.886449,113.811901,0.688169,6.573877,0.002636588465
2016-02-11,0.883493,112.904799,0.690543,6.573538,0.00265512572
2016-02-12,0.888439,113.074,0.689458,6.565454,0.002614365415
2016-02-13,0.888429,113.1228,0.689458,6.565472,0.002564135438
2016-02-14,0.889174,113.3911,0.689483,6.55855,0.002472628008
2016-02-15,0.896134,114.271799,0.692762,6.506561,0.002510260691
2016-02-16,0.897446,114.1122,0.699142,6.518154,0.002457829785
2016-02-17,0.898772,114.126199,0.699782,6.52674,0.002387107709
2016-02-18,0.900208,113.4237,0.697606,6.52052,0.002367502711
2016-02-19,0.898408,112.832699,0.694854,6.52116,0.002385786439
2016-02-20,0.898413,112.670699,0.694179,6.52196,0.00227202501
2016-02-21,0.89912,112.6065,0.699442,6.5231,0.002276193294
2016-02-22,0.906714,112.877,0.706506,6.52279,0.002285850131
2016-02-23,0.907471,112.2268,0.713042,6.52608,0.002376855135
2016-02-24,0.907752,112.159399,0.717757,6.52394,0.002361079958
2016-02-25,0.907138,112.708801,0.716296,6.53196,0.002364317717
2016-02-26,0.914709,113.6765,0.720891,6.53762,0.00234172843
2016-02-27,0.914709,113.8295,0.72082,6.53762,0.002315029169
2016-02-28,0.915162,113.8441,0.721426,6.5392,0.002313326147
2016-02-29,0.919123,112.810201,0.718288,6.54922,0.002287968261
2016-03-01,0.920361,113.8826,0.716524,6.5508,0.002313663339
2016-03-02,0.920163,113.4421,0.710308,6.55189,0.002355801397
2016-03-03,0.913165,113.766499,0.705558,6.53072,0.002379909754
2016-03-04,0.908517,113.7734,0.70274,6.51941,0.002448543851
2016-03-05,0.908622,113.7694,0.702697,6.51941,0.002494300523
2016-03-06,0.909475,113.842301,0.703137,6.51687,0.002448837659
2016-03-07,0.907874,113.469599,0.701059,6.5181,0.002416854174
2016-03-08,0.908353,112.8507,0.703518,6.50766,0.002428209972
2016-03-09,0.909159,113.2517,0.703503,6.51401,0.00242772658
2016-03-10,0.894529,113.099801,0.700025,6.51098,0.002403233791
2016-03-11,0.897031,113.7931,0.695204,6.49827,0.002383761815
2016-03-12,0.89683,113.8033,0.698079,6.4951,0.002433522256
2016-03-13,0.895835,113.7738,0.695417,6.49152,0.002424771465
2016-03-14,0.900629,113.811401,0.699254,6.49101,0.002414805656
2016-03-15,0.900308,113.2941,0.706454,6.51086,0.002406773624
2016-03-16,0.891826,112.877301,0.70184,6.50507,0.002402592878
2016-03-17,0.883735,111.8027,0.690788,6.48961,0.002389754644
2016-03-18,0.887283,111.6228,0.690757,6.47275,0.002451713503
2016-03-19,0.887332,111.516,0.690847,6.47145,0.00246066625
2016-03-20,0.887077,111.471601,0.691361,6.47055,0.002430919349
2016-03-21,0.889553,111.9246,0.695834,6.48109,0.002432835494
2016-03-22,0.891536,112.1711,0.703506,6.49129,0.00240208501
2016-03-23,0.894159,112.3034,0.708296,6.5035,0.002391909605
2016-03-24,0.894574,112.733199,0.706775,6.51362,0.002409557268
2016-03-25,0.895524,113.008499,0.707494,6.5151,0.002404990837
2016-03-26,0.895514,113.083299,0.707494,6.51193,0.002401352442
2016-03-27,0.895867,113.2948,0.70769,6.51787,0.002357545324
2016-03-28,0.893057,113.3736,0.7014,6.50985,0.002365369104
2016-03-29,0.885801,112.8995,0.69505,6.50672,0.002406698323
2016-03-30,0.882426,112.6522,0.695583,6.46979,0.002421143361
2016-03-31,0.878727,112.5143,0.69595,6.45325,0.002403840375
2016-04-01,0.877703,111.803901,0.702744,6.4741,0.002402881536
2016-04-02,0.877703,111.758101,0.702744,6.479017,0.002382807567
2016-04-03,0.877778,111.7293,0.70332,6.481129,0.00238440409
2016-04-04,0.877972,111.391601,0.701036,6.479368,0.002383153961
2016-04-05,0.878509,110.549199,0.706328,6.476559,0.002369825486
2016-04-06,0.877476,109.9548,0.707921,6.479113,0.002369258398
2016-04-07,0.87926,108.6845,0.711536,6.466063,0.002376081414
2016-04-08,0.8773,108.2221,0.707941,6.466148,0.002385399447
2016-04-09,0.8773,108.186,0.707941,6.466248,0.002392768098
2016-04-10,0.876735,108.1721,0.707864,6.463762,0.002374591867
2016-04-11,0.876557,107.969399,0.702751,6.460838,0.002366275837
2016-04-12,0.87834,108.4939,0.701032,6.464766,0.002346850409
2016-04-13,0.886593,109.1073,0.704043,6.476144,0.002354769586
2016-04-14,0.887754,109.311,0.706871,6.480009,0.002354858308
2016-04-15,0.886227,108.8711,0.704004,6.477724,0.00232917808
2016-04-16,0.886227,108.8444,0.704004,6.477285,0.00232052481
2016-04-17,0.88559,108.4468,0.705194,6.47561,0.002337863333
2016-04-18,0.884149,108.847599,0.700579,6.475425,0.00233502467
2016-04-19,0.880511,109.0899,0.694862,6.462458,0.002298470138
2016-04-20,0.88492,109.628999,0.697586,6.469158,0.002260735101
2016-04-21,0.885892,109.3942,0.698431,6.478653,0.002218229409
2016-04-22,0.89089,111.349801,0.694145,6.495925,0.002235211283
2016-04-23,0.89089,111.519701,0.694145,6.49868,0.002209900798
2016-04-24,0.890497,111.6286,0.692184,6.498291,0.002173331913
2016-04-25,0.887502,111.335799,0.690595,6.493659,0.00214570173
2016-04-26,0.885108,111.266999,0.686026,6.494053,0.002138442786
2016-04-27,0.882817,111.4243,0.687897,6.49567,0.002231863874
2016-04-28,0.880903,108.771101,0.684586,6.479235,0.002227141731
2016-04-29,0.87342,106.974501,0.684428,6.477582,0.002198208021
2016-04-30,0.87342,106.578101,0.684428,6.476316,0.002225119823
2016-05-01,0.872856,106.6129,0.685235,6.473837,0.002208456179
2016-05-02,0.867514,106.4004,0.681817,6.475027,0.002248272203
2016-05-03,0.869579,106.750101,0.687595,6.485451,0.002216778799
2016-05-04,0.870447,106.812999,0.689636,6.495644,0.002238794275
2016-05-05,0.876985,107.218101,0.69026,6.503766,0.002227970386
2016-05-06,0.876834,107.120801,0.693019,6.498775,0.002166176028
2016-05-07,0.876834,107.091201,0.693019,6.498676,0.002177174072
2016-05-08,0.877215,107.214399,0.69331,6.499638,0.002177325765
2016-05-09,0.878552,108.1517,0.693958,6.512987,0.00216693645
2016-05-10,0.879172,108.9903,0.692177,6.516888,0.002217924378
2016-05-11,0.875338,108.553099,0.692427,6.498888,0.002211381539
2016-05-12,0.87903,108.937899,0.692249,6.514758,0.002201203178
2016-05-13,0.884388,108.6808,0.696434,6.527841,0.002193631887
2016-05-14,0.884388,108.6899,0.696434,6.530937,0.002194705492
2016-05-15,0.884634,108.5718,0.69652,6.532749,0.002179475444
2016-05-16,0.883873,108.8909,0.694569,6.526489,0.002200437887
2016-05-17,0.884107,108.9186,0.692861,6.525339,0.002209144089
2016-05-18,0.889325,109.531799,0.687725,6.535819,0.00220309932
2016-05-19,0.892629,109.4101,0.687547,6.542139,0.002260551122
2016-05-20,0.891074,110.1125,0.689554,6.546513,0.002264395327
2016-05-21,0.891074,110.1469,0.689554,6.547007,0.002255162631
2016-05-22,0.891374,110.1943,0.689831,6.547487,0.00227652493
2016-05-23,0.891402,109.423101,0.690518,6.553711,0.002257290484
2016-05-24,0.897573,109.9272,0.683903,6.556021,0.002243495546
2016-05-25,0.89639,110.0764,0.680285,6.556137,0.002225937064
2016-05-26,0.893438,109.7998,0.681904,6.557342,0.002204653583
2016-05-27,0.899673,110.196501,0.683935,6.563141,0.002108076886
2016-05-28,0.899673,110.199201,0.683935,6.563832,0.001891632176
2016-05-29,0.899723,110.5796,0.684366,6.56561,0.001923546712
2016-05-30,0.897693,110.876001,0.683585,6.578507,0.001874632103
2016-05-31,0.898306,110.785,0.690143,6.583298,0.001873936541
2016-06-01,0.894038,109.8413,0.693793,6.578976,0.001867535693
2016-06-02,0.896741,109.0602,0.693701,6.584417,0.001848237521
2016-06-03,0.879809,107.0357,0.688891,6.56561,0.001756746786
2016-06-04,0.879809,106.8602,0.688891,6.565263,0.001747671228
2016-06-05,0.880178,106.674199,0.691152,6.563588,0.001736165366
2016-06-06,0.880554,107.3337,0.691999,6.56494,0.00171263669
2016-06-07,0.880604,107.2456,0.687857,6.571832,0.001734439906
2016-06-08,0.877204,107.035799,0.689124,6.566024,0.00171331451
2016-06-09,0.883622,107.0032,0.691446,6.563784,0.001731859636
2016-06-10,0.888707,106.9022,0.701358,6.562459,0.001730903376
2016-06-11,0.888707,106.9597,0.701358,6.562414,0.00169708983
2016-06-12,0.888807,106.801701,0.702975,6.562868,0.001466013411
2016-06-13,0.88577,106.2527,0.703859,6.581724,0.001426889737
2016-06-14,0.89219,106.077701,0.708665,6.594052,0.001459178745
2016-06-15,0.887801,105.8872,0.704392,6.583685,0.001441144384
2016-06-16,0.890228,104.7312,0.70368,6.5908,0.001293512131
2016-06-17,0.88682,104.2546,0.696445,6.584284,0.001343531634
2016-06-18,0.88682,104.1958,0.696445,6.584912,0.001325417937
2016-06-19,0.885093,104.5879,0.691204,6.57745,0.001310555872
2016-06-20,0.883703,103.969199,0.681114,6.58148,0.001368538905
2016-06-21,0.88837,104.651,0.681982,6.592638,0.001516383002
2016-06-22,0.882509,104.642,0.676263,6.577821,0.001658347291
2016-06-23,0.878304,105.9424,0.669428,6.580507,0.001600512164
2016-06-24,0.899972,102.825799,0.731488,6.59497,0.001509803152
2016-06-25,0.899972,102.393899,0.731488,6.602861,0.001491319773
2016-06-26,0.901722,102.1466,0.743452,6.594519,0.0015813902
2016-06-27,0.907656,102.0192,0.7563,6.642418,0.001544649643
2016-06-28,0.902988,102.476101,0.748678,6.646787,0.001546673183
2016-06-29,0.898898,102.7387,0.743363,6.638971,0.001567253185
2016-06-30,0.9009,103.0811,0.75188,6.648787,0.001490964013
2016-07-01,0.8978,102.5818,0.75343,6.653846,0.001469453731
2016-07-02,0.8978,102.5597,0.753338,6.656218,0.001427242055
2016-07-03,0.89805,102.598001,0.752785,6.65428,0.001507429366
2016-07-04,0.8969,102.539599,0.752878,6.660143,0.001474302176
2016-07-05,0.9036,101.8535,0.768423,6.675595,0.001497461055
2016-07-06,0.90105,101.337201,0.774705,6.687446,0.001480538324
2016-07-07,0.904,100.7827,0.77523,6.682543,0.001570724214
2016-07-08,0.9047,100.6318,0.772123,6.687958,0.001513702031
2016-07-09,0.9047,100.5655,0.772123,6.688531,0.001532820758
2016-07-10,0.905,100.6904,0.772845,6.68921,0.001541157378
2016-07-11,0.90395,102.2538,0.769668,6.69325,0.001542852735
2016-07-12,0.9038,104.168001,0.754655,6.693359,0.001485685421
2016-07-13,0.90095,104.1032,0.76209,6.686662,0.001506007615
2016-07-14,0.90015,105.0215,0.749475,6.683645,0.001507827218
2016-07-15,0.9061,104.8893,0.75832,6.688424,0.001501402869
2016-07-16,0.9061,105.0047,0.75832,6.688366,0.00150355111
2016-07-17,0.9042,105.435,0.75466,6.683117,0.001486837141
2016-07-18,0.90315,105.9284,0.753848,6.701411,0.00149142285
2016-07-19,0.9077,106.1191,0.762733,6.695002,0.001491238194
2016-07-20,0.90745,107.0259,0.75417,6.680247,0.001500015375
2016-07-21,0.9067,105.922,0.756083,6.676777,0.001500901833
2016-07-22,0.91085,106.164,0.761133,6.677937,0.001518635963
2016-07-23,0.91085,106.0515,0.761133,6.677655,0.001513037255
2016-07-24,0.9116,106.1968,0.760008,6.683736,0.001506792592
2016-07-25,0.90945,105.7828,0.761333,6.678466,0.001513715568
2016-07-26,0.91,105.1497,0.760668,6.673576,0.00151747031
2016-07-27,0.90345,105.0668,0.756018,6.670596,0.001513115281
2016-07-28,0.90225,104.9216,0.76016,6.658572,0.001512558965
2016-07-29,0.8949,102.6093,0.755895,6.641648,0.00151142789
2016-07-30,0.89475,102.36825,0.755895,6.639295,0.001527869874
2016-07-31,0.89525,102.2926,0.757013,6.639282,0.001596021438
2016-08-01,0.89555,102.3038,0.758543,6.643572,0.00167536444
2016-08-02,0.89115,101.3282,0.749375,6.628294,0.001896508095
2016-08-03,0.8968,101.3787,0.750515,6.634961,0.001766835022
2016-08-04,0.8984,101.190899,0.762223,6.638801,0.001729957748
2016-08-05,0.902,101.7204,0.765003,6.651375,0.001738125345
2016-08-06,0.902,101.7428,0.765003,6.653047,0.001700571817
2016-08-07,0.9017,102.0854,0.764673,6.663924,0.001687083754
2016-08-08,0.90195,102.248,0.767043,6.659992,0.001693748864
2016-08-09,0.8995,102.012,0.768878,6.656052,0.001706160588
2016-08-10,0.89385,101.392201,0.768163,6.64115,0.001688394047
2016-08-11,0.89775,101.7558,0.771845,6.634522,0.001702609317
2016-08-12,0.8958,101.2857,0.77392,6.635029,0.001704477663
2016-08-13,0.8958,101.3477,0.77392,6.635375,0.001709204494
2016-08-14,0.8958,101.339001,0.774848,6.640636,0.001751364707
2016-08-15,0.89425,101.242799,0.776195,6.637306,0.001763147571
2016-08-16,0.8869,100.4891,0.767508,6.627776,0.001737570248
2016-08-17,0.885,99.97336,0.766693,6.631854,0.001749329788
2016-08-18,0.8813,100.196601,0.75989,6.630202,0.001747094756
2016-08-19,0.88275,100.1868,0.764785,6.647307,0.001742759922
2016-08-20,0.88275,100.2131,0.764785,6.650456,0.001721822377
2016-08-21,0.88415,100.438101,0.765265,6.643346,0.001723380238
2016-08-22,0.88345,100.3199,0.76138,6.649663,0.001709598971
2016-08-23,0.88455,100.3461,0.757815,6.643146,0.001718903278
2016-08-24,0.88775,100.4456,0.755508,6.65542,0.001730227137
2016-08-25,0.8859,100.5239,0.758068,6.657224,0.001735594952
2016-08-26,0.89295,101.5493,0.761203,6.666592,0.001729501473
2016-08-27,0.89295,101.5968,0.761203,6.668375,0.001758415513
2016-08-28,0.8929,101.9524,0.761483,6.67425,0.001744344356
2016-08-29,0.89365,101.898201,0.762898,6.678174,0.001746709636
2016-08-30,0.89685,102.7729,0.764405,6.680095,0.001736209074
2016-08-31,0.8959,103.140999,0.760908,6.678867,0.001748190623
2016-09-01,0.89325,103.2399,0.753395,6.673568,0.001749322138
2016-09-02,0.8963,103.8218,0.75217,6.68036,0.001741909917
2016-09-03,0.8963,103.8626,0.75217,6.680436,0.001674918993
2016-09-04,0.8961,103.9898,0.75219,6.680788,0.001642652996
2016-09-05,0.8968,103.566399,0.751813,6.677613,0.001648549655
2016-09-06,0.88885,102.1073,0.74513,6.673976,0.001636751487
2016-09-07,0.8896,101.989,0.749803,6.665248,0.001626670896
2016-09-08,0.8873,102.1654,0.751643,6.664976,0.001599273802
2016-09-09,0.89035,102.5202,0.75363,6.677008,0.00160826649
2016-09-10,0.89035,102.643,0.75363,6.680223,0.001606903256
2016-09-11,0.88975,102.5068,0.75377,6.68358,0.001651677692
2016-09-12,0.88965,102.030001,0.749823,6.681372,0.001650069715
2016-09-13,0.89135,102.4491,0.758045,6.678993,0.00164711405
2016-09-14,0.8892,102.413601,0.754033,6.675312,0.001643206336
2016-09-15,0.88905,102.1142,0.754923,6.672658,0.001651868676
2016-09-16,0.89615,102.288599,0.7691,6.671821,0.001648699143
2016-09-17,0.89615,102.240999,0.7691,6.671806,0.001651974283
2016-09-18,0.89595,102.332701,0.768423,6.672292,0.001642464136
2016-09-19,0.8944,101.9253,0.766803,6.668868,0.001643435879
2016-09-20,0.89665,101.6913,0.770028,6.673789,0.001644899168
2016-09-21,0.8936,100.6285,0.767393,6.670689,0.001677866425
2016-09-22,0.89205,100.9217,0.76432,6.665944,0.001680873409
2016-09-23,0.89055,100.918701,0.771235,6.670203,0.001661702331
2016-09-24,0.89055,100.997801,0.771235,6.670311,0.001662855955
2016-09-25,0.88965,100.9314,0.770418,6.66523,0.001668150487
2016-09-26,0.88885,100.4924,0.771038,6.668292,0.001647558286
2016-09-27,0.8914,100.3852,0.7683,6.668854,0.001653760445
2016-09-28,0.8908,100.8564,0.766745,6.673313,0.001657093362
2016-09-29,0.89125,101.072699,0.771255,6.667975,0.00165354168
2016-09-30,0.889389,101.314,0.77058,6.669021,0.001644047316
2016-10-01,0.8897,101.2998,0.77056,6.669864,0.001628926344
2016-10-02,0.89,101.419,0.773478,6.657078,0.001638464595
2016-10-03,0.8917,101.703201,0.777895,6.671042,0.001633209552
2016-10-04,0.89215,102.584999,0.7854,6.669909,0.001641076001
2016-10-05,0.89195,103.237501,0.784053,6.671121,0.001637089909
2016-10-06,0.8977,103.756201,0.808183,6.671442,0.00163678176
2016-10-07,0.89265,103.0811,0.804165,6.671548,0.001621793532
2016-10-08,0.89265,103.0575,0.804165,6.671549,0.001622165266
2016-10-09,0.89315,102.9937,0.804238,6.673553,0.001626624591
2016-10-10,0.89745,103.4901,0.809413,6.700272,0.001621879018
2016-10-11,0.90385,103.363799,0.815488,6.71667,0.001561749628
2016-10-12,0.90785,104.1843,0.820245,6.717927,0.001573307145
2016-10-13,0.90475,103.692401,0.81687,6.725505,0.001574489987
2016-10-14,0.91135,104.112001,0.82041,6.727443,0.001566756437
2016-10-15,0.91135,104.152801,0.82041,6.727637,0.001569729339
2016-10-16,0.9116,104.1333,0.821823,6.729308,0.001563471062
2016-10-17,0.9086,103.9401,0.819635,6.735186,0.001569827908
2016-10-18,0.9107,103.876599,0.812988,6.739771,0.001573861311
2016-10-19,0.91115,103.4827,0.813918,6.738077,0.001591181545
2016-10-20,0.91495,104.002101,0.815918,6.743877,0.001590555156
2016-10-21,0.9186,103.785301,0.81745,6.759616,0.001587339381
2016-10-22,0.9186,103.825401,0.81745,6.763363,0.001533504074
2016-10-23,0.91905,103.9211,0.818563,6.766041,0.001539474039
2016-10-24,0.91955,104.226699,0.818315,6.772514,0.00154140491
2016-10-25,0.9184,104.103199,0.821175,6.778224,0.001531897945
2016-10-26,0.91655,104.5573,0.816918,6.772034,0.001480675336
2016-10-27,0.91755,105.0569,0.822038,6.781475,0.001458640256
2016-10-28,0.91005,104.7323,0.820395,6.776896,0.001453908273
2016-10-29,0.91005,104.8146,0.820395,6.777443,0.001403974202
2016-10-30,0.91055,104.656799,0.819728,6.773434,0.001432526224
2016-10-31,0.9114,104.8254,0.817208,6.77677,0.001432952168
2016-11-01,0.9043,104.218101,0.81692,6.768246,0.001371457474
2016-11-02,0.90115,103.6538,0.812755,6.759529,0.001360722315
2016-11-03,0.90065,103.116699,0.802233,6.764454,0.001453736648
2016-11-04,0.89725,103.099399,0.798998,6.756386,0.001423621699
2016-11-05,0.89725,103.103599,0.798998,6.756066,0.001420230012
2016-11-06,0.90155,103.954401,0.801823,6.762984,0.001403272431
2016-11-07,0.90535,104.253601,0.806898,6.7727,0.001419547164
2016-11-08,0.9078,104.918099,0.808243,6.785982,0.00140907824
2016-11-09,0.9159,105.5949,0.805643,6.782134,0.001386606765
2016-11-10,0.9184,106.314501,0.796925,6.796298,0.001401777454
2016-11-11,0.92105,106.5436,0.793608,6.809001,0.001396209292
2016-11-12,0.92105,106.6433,0.793608,6.812115,0.0014214338
2016-11-13,0.9237,106.8369,0.795355,6.813347,0.001423827033
2016-11-14,0.93045,107.9278,0.799135,6.84336,0.001417251035
2016-11-15,0.9324,108.832,0.80335,6.856064,0.001403722926
2016-11-16,0.9338,108.669,0.80334,6.838743,0.001348210749
2016-11-17,0.941,110.045201,0.80561,6.874984,0.001356479393
2016-11-18,0.94435,110.5671,0.80982,6.879725,0.001334777028
2016-11-19,0.94435,110.8167,0.80982,6.887336,0.001332489423
2016-11-20,0.94495,111.0243,0.81123,6.888847,0.001373013421
2016-11-21,0.94045,110.766599,0.800478,6.890601,0.001357561277
2016-11-22,0.94045,111.001099,0.805058,6.890176,0.0013365321
2016-11-23,0.94835,112.2781,0.804715,6.913881,0.001348465271
2016-11-24,0.94695,112.901499,0.803125,6.916908,0.001356916543
2016-11-25,0.9439,113.177099,0.8011,6.918797,0.00135447433
2016-11-26,0.9439,113.223899,0.8011,6.91981,0.001364791784
2016-11-27,0.9434,112.9563,0.802078,6.91926,0.001372975719
2016-11-28,0.94175,112.08,0.805655,6.910783,0.00136655184
2016-11-29,0.939,112.444401,0.800468,6.89948,0.00136631154
2016-11-30,0.94395,114.1177,0.799233,6.889449,0.001346978223
2016-12-01,0.93775,113.831701,0.794155,6.885607,0.001328056522
2016-12-02,0.9375,113.6649,0.78546,6.88479,0.00129634851
2016-12-03,0.9375,113.5755,0.78546,6.883852,0.001307292075
2016-12-04,0.94835,113.3755,0.790608,6.879803,0.001305120968
2016-12-05,0.9294,113.796399,0.785918,6.881663,0.0013302914
2016-12-06,0.93275,113.974799,0.788863,6.900709,0.001318274247
2016-12-07,0.9296,113.731199,0.792193,6.917776,0.001308876882
2016-12-08,0.94175,114.070099,0.794853,6.882431,0.001304052997
2016-12-09,0.94675,115.0069,0.795213,6.901008,0.001298743466
2016-12-10,0.94675,115.1904,0.795213,6.904076,0.001293543922
2016-12-11,0.94845,115.4592,0.79427,6.904277,0.001301583376
2016-12-12,0.9397,114.9818,0.788803,6.906942,0.001284643132
2016-12-13,0.94085,115.2445,0.789933,6.902365,0.00128580352
2016-12-14,0.95115,116.7636,0.79809,6.903414,0.001288180378
2016-12-15,0.9597,117.6408,0.804893,6.934145,0.001290039604
2016-12-16,0.9585,117.939399,0.801698,6.952717,0.001280333829
2016-12-17,0.956805,117.9245,0.800673,6.9592,0.001268230818
2016-12-18,0.957231,117.808,0.800679,6.9593,0.001268222776
2016-12-19,0.96127,117.0175,0.8073,6.954,0.001265784651
2016-12-20,0.96239,117.825,0.808734,6.9508,0.001250035157
2016-12-21,0.959058,117.6175,0.809527,6.9424,0.001206938691
2016-12-22,0.958072,117.55153946,0.8139,6.9503,0.001163859825
2016-12-23,0.956297,117.315,0.814478,6.9463,0.001092566256
2016-12-24,0.95676,117.326,0.8144,6.9462,0.001119888172
2016-12-25,0.956613,117.3205,0.813818,6.9463,0.001117516592
2016-12-26,0.956544,117.19571429,0.814634,6.9457,0.001109502333
2016-12-27,0.955966,117.4945,0.81471,6.9525,0.001076036737
2016-12-28,0.960161,117.087625,0.81829,6.9591,0.00102312906
2016-12-29,0.946388,116.31646756,0.814154,6.9553,0.001030731252
2016-12-30,0.950209,116.89074712,0.810575,6.9448,0.001040860217
2016-12-31,0.95034,116.9695,0.81019,6.9447,0.001035061358
2017-01-01,0.949713,116.82243628,0.809782,6.9447,0.001002604265
2017-01-02,0.956246,117.46016667,0.814263,6.945,0.000981356677
2017-01-03,0.959901,117.641,0.816721,6.961,0.000966963686
2017-01-04,0.952656,117.136,0.811425,6.9351,0.000884202615
2017-01-05,0.942996,115.3357,0.805043,6.8889,0.000998714156
2017-01-06,0.949217,116.95,0.813868,6.9185,0.001119784715
2017-01-07,0.94942,116.991,0.81407,6.9182,0.001110632922
2017-01-08,0.949641,117.152,0.815802,6.9184,0.001099562649
2017-01-09,0.944733,115.98237692,0.821665,6.9377,0.00110915161
2017-01-10,0.947656,115.8715,0.82143,6.9222,0.001101414017
2017-01-11,0.943861,115.097,0.818935,6.9371,0.001284556497
2017-01-12,0.941946,114.669,0.821955,6.9325,0.001246451508
2017-01-13,0.939607,114.485,0.820968,6.8998,0.001212262569
2017-01-14,0.939645,114.497,0.8203,6.9001,0.001223211665
2017-01-15,0.940959,114.225,0.830702,6.89995,0.001215629888
2017-01-16,0.943189,114.15525709,0.830559,6.9015,0.001206794786
2017-01-17,0.934869,112.8963,0.807212,6.85825,0.001105337198
2017-01-18,0.940891,114.71758333,0.815634,6.839,0.001143559615
2017-01-19,0.938174,114.9415,0.810495,6.8716,0.001111693144
2017-01-20,0.93447,114.595,0.808738,6.8765,0.001121956692
2017-01-21,0.934781,114.596,0.808016,6.8764,0.001087107181
2017-01-22,0.933389,113.80380006,0.807385,6.8765,0.001084683991
2017-01-23,0.929433,112.78708333,0.799041,6.854,0.001087452968
2017-01-24,0.932104,113.866,0.797894,6.8592,0.00113007758
2017-01-25,0.930025,113.2755,0.791485,6.8836,0.001118597887
2017-01-26,0.936035,114.426,0.79391,6.8794,0.001092542382
2017-01-27,0.934798,115.0905,0.796943,6.8811,0.001088968747
2017-01-28,0.934798,115.075,0.79694,6.8811,0.00108664789
2017-01-29,0.933099,114.65483333,0.79394,6.8812,0.001093809117
2017-01-30,0.933894,113.688,0.799984,6.8817,0.001086822087
2017-01-31,0.925752,112.7767,0.794404,6.87895,0.001046323351
2017-02-01,0.928581,113.2895,0.789817,6.881581,0.001046323351
2017-02-02,0.929325,112.8155,0.798756,6.8804,0.000991521205
2017-02-03,0.926956,112.5725,0.801038,6.87085,0.000983984375
2017-02-04,0.926956,112.705,0.801035,6.87085,0.000967258306
2017-02-05,0.927417,112.64730556,0.801061,6.8711,0.000984831138
2017-02-06,0.930882,111.827,0.802053,6.86392,0.000976400402
2017-02-07,0.936492,112.38875,0.800264,6.8855,0.000949784874
2017-02-08,0.935326,111.9725,0.798483,6.87335,0.00094896468
2017-02-09,0.938295,113.43135714,0.8001,6.869356,0.001015429451
2017-02-10,0.939938,113.22,0.800801,6.881114,0.001005281447
2017-02-11,0.939938,113.18622754,0.80077,6.8773,0.000988739444
2017-02-12,0.9417,113.9289409,0.801057,6.89545,0.00100033131
2017-02-13,0.943481,113.68875,0.798502,6.879337,0.001002797806
2017-02-14,0.94532,114.2903,0.801937,6.867412,0.000992209863
2017-02-15,0.943099,114.12733333,0.802089,6.86905,0.000990945238
2017-02-16,0.937044,113.3203,0.800867,6.853322,0.000965656429
2017-02-17,0.942063,112.85,0.805704,6.8649,0.000946837445
2017-02-18,0.942063,112.875,0.8058,6.8665,0.000944762121
2017-02-19,0.941079,112.92225,0.804532,6.857007,0.000950124362
2017-02-20,0.942596,113.27535714,0.801802,6.879128,0.000923039291
2017-02-21,0.948605,113.6733,0.800834,6.883448,0.000889114131
2017-02-22,0.947777,113.4163453,0.803067,6.874485,0.000890540307
2017-02-23,0.944835,112.6973,0.796492,6.86608,0.000843134775
2017-02-24,0.947418,112.17053444,0.802245,6.86685,0.000846378136
2017-02-25,0.94689,112.144,0.802472,6.86755,0.000870180397
2017-02-26,0.94767,112.185,0.806433,6.902013,0.000847124521
2017-02-27,0.944689,112.74725,0.803997,6.8709,0.000837758092
2017-02-28,0.94614,113.0955,0.807853,6.86765,0.000839967678
2017-03-01,0.949132,114.12616667,0.814956,6.88275,0.000814774136
2017-03-02,0.951748,114.355,0.814732,6.887657,0.000792763653
2017-03-03,0.941398,114.045,0.813205,6.8954,0.00077536991
2017-03-04,0.941354,114.0485,0.813315,6.8953,0.000778483949
2017-03-05,0.941535,113.82418182,0.812984,6.89685,0.000782814406
2017-03-06,0.945251,113.905,0.81707,6.896807,0.000780684004
2017-03-07,0.94611,113.9255,0.819437,6.902476,0.000811324138
2017-03-08,0.948321,114.417,0.821429,6.913885,0.000865716168
2017-03-09,0.94522,115.14371429,0.822645,6.9098,0.00083902683
2017-03-10,0.936922,114.801,0.822206,6.90775,0.000907787821
2017-03-11,0.936775,114.781,0.822165,6.9071,0.000847313297
2017-03-12,0.935457,114.76036364,0.821654,6.859166,0.000813062334
2017-03-13,0.938883,114.916,0.819252,6.9132,0.000805191877
2017-03-14,0.942333,114.6565,0.822572,6.91542,0.000802074485
2017-03-15,0.931318,113.3911875,0.814179,6.914367,0.000793521689
2017-03-16,0.928335,113.31946894,0.809725,6.897886,0.000847921109
2017-03-17,0.930449,112.675,0.806614,6.89605,0.000934147287
2017-03-18,0.9306,112.715,0.807045,6.89715,0.001034985619
2017-03-19,0.930895,112.6785,0.807512,6.904329,0.000985556667
2017-03-20,0.931359,112.56742308,0.808594,6.906748,0.000965687202
2017-03-21,0.924836,111.53398075,0.801158,6.8851,0.000897907875
2017-03-22,0.926797,111.37363333,0.801815,6.8833,0.000963217609
2017-03-23,0.927353,110.9965,0.798945,6.8861,0.000972592348
2017-03-24,0.925883,111.335,0.801828,6.8779,0.001063397641
2017-03-25,0.925455,111.343,0.8017,6.8836,0.001028527231
2017-03-26,0.922046,110.555,0.799123,6.854197,0.001040505852
2017-03-27,0.920726,110.77016071,0.796315,6.87145,0.00095918201
2017-03-28,0.924523,111.2322,0.805376,6.8802,0.000957320727
2017-03-29,0.929473,111.1498,0.803846,6.890145,0.000962158314
2017-03-30,0.935651,111.73998659,0.801461,6.88885,0.000964050555
2017-03-31,0.937734,111.375,0.797194,6.8897,0.000927206845
2017-04-01,0.937734,111.375,0.797194,6.8897,0.000921458558
2017-04-02,0.937277,111.27313333,0.797453,6.8812,0.000909911484
2017-04-03,0.937221,110.68933719,0.800577,6.8842,0.000872792272
2017-04-04,0.936495,110.8475,0.803902,6.8858,0.000875875328
2017-04-05,0.937035,110.396625,0.800828,6.8944,0.000882216976
2017-04-06,0.939541,110.89311538,0.802005,6.897696,0.000838623651
2017-04-07,0.944198,111.081,0.80821,6.90425,0.000840321305
2017-04-08,0.944198,111.085,0.80819,6.90425,0.000844460508
2017-04-09,0.945149,111.2217,0.808118,6.905819,0.000826591105
2017-04-10,0.943622,110.69720833,0.804923,6.9037,0.000824542338
2017-04-11,0.942478,109.563,0.800663,6.891681,0.0008163192
2017-04-12,0.937192,108.89352778,0.796874,6.89155,0.000821263497
2017-04-13,0.942032,109.11707143,0.799728,6.887363,0.000850310491
2017-04-14,0.942241,108.585,0.798722,6.8877,0.00084469162
2017-04-15,0.9423,108.595,0.798594,6.8854,0.000846593098
2017-04-16,0.942508,108.316375,0.797804,6.891631,0.000841822411
2017-04-17,0.939552,109.12902632,0.796353,6.869842,0.000830410979
2017-04-18,0.932062,108.54866667,0.778634,6.8827,0.000821048397
2017-04-19,0.933297,108.83188889,0.782378,6.886127,0.000814695145
2017-04-20,0.933402,109.37916667,0.781207,6.8824,0.00079717799
2017-04-21,0.932355,109.085,0.780825,6.8847,0.000795647806
2017-04-22,0.932355,109.085,0.780825,6.8847,0.00080013199
2017-04-23,0.919697,110.0315,0.779795,6.7928,0.000801232295
2017-04-24,0.92026,109.63483333,0.782618,6.884522,0.000800371372
2017-04-25,0.915105,111.07255128,0.779265,6.882962,0.000791384169
2017-04-26,0.916717,111.1765,0.778318,6.8925,0.000778970902
2017-04-27,0.920363,111.22110714,0.775641,6.89705,0.000751963094
2017-04-28,0.917852,111.515,0.772114,6.8945,0.000755892865
2017-04-29,0.917852,111.54493152,0.77229,6.895,0.000753501427
2017-04-30,0.916961,111.3115,0.773294,6.912097,0.000739821444
2017-05-01,0.916707,111.81792308,0.775344,6.8944,0.000710990375
2017-05-02,0.914474,111.97311996,0.772736,6.894112,0.000692943068
2017-05-03,0.918411,112.79946296,0.77682,6.898933,0.000671094188
2017-05-04,0.910699,112.54928571,0.773663,6.8956,0.000662197364
2017-05-05,0.909339,112.72675,0.770268,6.9032,0.000659819935
2017-05-06,0.909339,112.72675,0.770268,6.9032,0.000646092372
2017-05-07,0.911996,112.665,0.77112,6.883573,0.000642024689
2017-05-08,0.915184,113.2235,0.772728,6.90442,0.000610907584
2017-05-09,0.918589,113.70164286,0.772283,6.90805,0.000586735667
2017-05-10,0.920198,114.337625,0.773415,6.90385,0.000569907732
2017-05-11,0.920514,113.8175,0.775892,6.904429,0.000554069572
2017-05-12,0.914662,113.375,0.775885,6.8989,0.000592499092
2017-05-13,0.914662,113.375,0.775885,6.8989,0.000569869149
2017-05-14,0.915089,113.2687948,0.776144,6.902661,0.000564762343
2017-05-15,0.910738,113.64724562,0.775072,6.894504,0.000588438652
2017-05-16,0.901429,112.68975,0.7742,6.8887,0.000581426617
2017-05-17,0.896462,111.08653333,0.770991,6.8812,0.000554932798
2017-05-18,0.90007,111.4385,0.771904,6.8901,0.00052973958
2017-05-19,0.89222,111.225,0.767165,6.88445,0.000507466095
2017-05-20,0.89222,111.265,0.767,6.88555,0.000487942025
2017-05-21,0.89259,111.28577273,0.7686,6.85403,0.000487506429
2017-05-22,0.889839,110.90513158,0.769648,6.8851,0.000467209486
2017-05-23,0.894538,111.968,0.771818,6.891929,0.000436994408
2017-05-24,0.890464,111.5415,0.770535,6.890571,0.000403889651
2017-05-25,0.892053,111.74466667,0.773382,6.868434,0.000415831314
2017-05-26,0.894254,111.321,0.780914,6.8531,0.000442016302
2017-05-27,0.894325,111.321,0.780795,6.8556,0.000478471464
2017-05-28,0.89476,111.254,0.78039,6.857517,0.000452136022
2017-05-29,0.8985,111.18908003,0.780364,6.855242,0.000436397031
2017-05-30,0.895083,110.84,0.780742,6.855552,0.000457809679
2017-05-31,0.889684,110.80047159,0.776635,6.8111,0.000429680378
2017-06-01,0.891834,111.444125,0.776005,6.809494,0.000407907482
2017-06-02,0.886211,110.395,0.775738,6.81255,0.000397387369
2017-06-03,0.886376,110.414,0.775595,6.81235,0.000390344821
2017-06-04,0.886706,110.4691,0.777123,6.813075,0.000393071517
2017-06-05,0.888297,110.39233333,0.774839,6.803522,0.000366639474
2017-06-06,0.887233,109.5020625,0.774809,6.796465,0.000342889081
2017-06-07,0.888437,109.91500413,0.771411,6.797451,0.000371356004
2017-06-08,0.893765,109.87555556,0.785899,6.796034,0.000353590848
2017-06-09,0.893416,110.315,0.784711,6.79895,0.00035468791
2017-06-10,0.893165,110.31442959,0.784765,6.7987,0.000340140532
2017-06-11,0.892719,110.31058333,0.784717,6.785431,0.000330899293
2017-06-12,0.893038,109.92518182,0.7893,6.799607,0.00037137876
2017-06-13,0.89211,110.0625,0.784406,6.7976,0.000364965502
2017-06-14,0.891814,109.44665385,0.784071,6.79055,0.000399966803
2017-06-15,0.896941,111.00011647,0.783699,6.806097,0.000407643096
2017-06-16,0.894055,110.875,0.782475,6.81025,0.000395590151
2017-06-17,0.89319,110.875,0.782715,6.8103,0.000373773956
2017-06-18,0.892526,110.97259238,0.782868,6.805113,0.000387995798
2017-06-19,0.8973,111.6967,0.785504,6.8199,0.000378696246
2017-06-20,0.89795,111.33966667,0.791668,6.827151,0.000359117516
2017-06-21,0.895515,111.32748006,0.78896,6.828476,0.000368742944
2017-06-22,0.896872,111.29433333,0.788728,6.83465,0.000365310148
2017-06-23,0.893416,111.28783333,0.786442,6.8367,0.000365845405
2017-06-24,0.893416,111.29663992,0.7862,6.8367,0.000380873304
2017-06-25,0.892867,111.24075,0.784607,6.833234,0.00038570872
2017-06-26,0.894218,111.86958555,0.785934,6.839756,0.000398106605
2017-06-27,0.882069,112.20153333,0.780451,6.8129,0.000388374024
2017-06-28,0.878815,112.35625,0.772798,6.8006,0.000386988472
2017-06-29,0.874153,111.99333539,0.768733,6.787252,0.000390420258
2017-06-30,0.87512,112.405,0.767607,6.77725,0.000399119144
2017-07-01,0.875305,112.405,0.767595,6.77755,0.000405862061
2017-07-02,0.875394,112.23972561,0.768304,6.778325,0.000394012321
2017-07-03,0.879313,113.39507796,0.772306,6.800113,0.000386560258
2017-07-04,0.880313,112.96922987,0.773054,6.799632,0.000380608195
2017-07-05,0.881317,113.2006,0.773338,6.801175,0.000380474433
2017-07-06,0.875523,113.15553256,0.771112,6.800554,0.000381622219
